,County Name,countyFIPS,State,StateFIPS,Date,Total Cases,Inc_Cases,cases_moving_avg,difference,direction
220,Orange County ,6059,CA,6,2020-01-22,8,,,,not increasing
3413,Orange County ,6059,CA,6,2020-01-23,8,0.0,,,not increasing
6606,Orange County ,6059,CA,6,2020-01-24,9,1.0,,,not increasing
9799,Orange County ,6059,CA,6,2020-01-25,9,0.0,,,not increasing
12992,Orange County ,6059,CA,6,2020-01-26,9,0.0,,,not increasing
16185,Orange County ,6059,CA,6,2020-01-27,9,0.0,,,not increasing
19378,Orange County ,6059,CA,6,2020-01-28,9,0.0,,,not increasing
22571,Orange County ,6059,CA,6,2020-01-29,9,0.0,0.14285714285714285,-0.14285714285714285,not increasing
25764,Orange County ,6059,CA,6,2020-01-30,10,1.0,0.2857142857142857,0.7142857142857143,increasing
28957,Orange County ,6059,CA,6,2020-01-31,10,0.0,0.14285714285714285,-0.14285714285714285,not increasing
32150,Orange County ,6059,CA,6,2020-02-01,13,3.0,0.5714285714285714,2.428571428571429,increasing
35343,Orange County ,6059,CA,6,2020-02-02,3,-10.0,-0.8571428571428571,-9.142857142857142,not increasing
38536,Orange County ,6059,CA,6,2020-02-03,3,0.0,-0.8571428571428571,0.8571428571428571,increasing
41729,Orange County ,6059,CA,6,2020-02-04,3,0.0,-0.8571428571428571,0.8571428571428571,increasing
44922,Orange County ,6059,CA,6,2020-02-05,4,1.0,-0.7142857142857143,1.7142857142857144,increasing
48115,Orange County ,6059,CA,6,2020-02-06,4,0.0,-0.8571428571428571,0.8571428571428571,increasing
51308,Orange County ,6059,CA,6,2020-02-07,5,1.0,-0.7142857142857143,1.7142857142857144,increasing
54501,Orange County ,6059,CA,6,2020-02-08,35,30.0,3.142857142857143,26.857142857142858,increasing
57694,Orange County ,6059,CA,6,2020-02-09,37,2.0,4.857142857142857,-2.8571428571428568,not increasing
60887,Orange County ,6059,CA,6,2020-02-10,37,0.0,4.857142857142857,-4.857142857142857,not increasing
64080,Orange County ,6059,CA,6,2020-02-11,38,1.0,5.0,-4.0,not increasing
67273,Orange County ,6059,CA,6,2020-02-12,38,0.0,4.857142857142857,-4.857142857142857,not increasing
70466,Orange County ,6059,CA,6,2020-02-13,39,1.0,5.0,-4.0,not increasing
73659,Orange County ,6059,CA,6,2020-02-14,39,0.0,4.857142857142857,-4.857142857142857,not increasing
76852,Orange County ,6059,CA,6,2020-02-15,40,1.0,0.7142857142857143,0.2857142857142857,increasing
80045,Orange County ,6059,CA,6,2020-02-16,40,0.0,0.42857142857142855,-0.42857142857142855,not increasing
83238,Orange County ,6059,CA,6,2020-02-17,41,1.0,0.5714285714285714,0.4285714285714286,increasing
86431,Orange County ,6059,CA,6,2020-02-18,42,1.0,0.5714285714285714,0.4285714285714286,increasing
89624,Orange County ,6059,CA,6,2020-02-19,42,0.0,0.5714285714285714,-0.5714285714285714,not increasing
92817,Orange County ,6059,CA,6,2020-02-20,43,1.0,0.5714285714285714,0.4285714285714286,increasing
96010,Orange County ,6059,CA,6,2020-02-21,44,1.0,0.7142857142857143,0.2857142857142857,increasing
99203,Orange County ,6059,CA,6,2020-02-22,44,0.0,0.5714285714285714,-0.5714285714285714,not increasing
102396,Orange County ,6059,CA,6,2020-02-23,46,2.0,0.8571428571428571,1.1428571428571428,increasing
105589,Orange County ,6059,CA,6,2020-02-24,47,1.0,0.8571428571428571,0.1428571428571429,increasing
108782,Orange County ,6059,CA,6,2020-02-25,47,0.0,0.7142857142857143,-0.7142857142857143,not increasing
111975,Orange County ,6059,CA,6,2020-02-26,49,2.0,1.0,1.0,increasing
115168,Orange County ,6059,CA,6,2020-02-27,50,1.0,1.0,0.0,not increasing
118361,Orange County ,6059,CA,6,2020-02-28,51,1.0,1.0,0.0,not increasing
121554,Orange County ,6059,CA,6,2020-02-29,57,6.0,1.8571428571428572,4.142857142857142,increasing
124747,Orange County ,6059,CA,6,2020-03-01,59,2.0,1.8571428571428572,0.1428571428571428,increasing
127940,Orange County ,6059,CA,6,2020-03-02,64,5.0,2.4285714285714284,2.5714285714285716,increasing
131133,Orange County ,6059,CA,6,2020-03-03,67,3.0,2.857142857142857,0.1428571428571428,increasing
134326,Orange County ,6059,CA,6,2020-03-04,72,5.0,3.2857142857142856,1.7142857142857144,increasing
137519,Orange County ,6059,CA,6,2020-03-05,80,8.0,4.285714285714286,3.7142857142857144,increasing
140712,Orange County ,6059,CA,6,2020-03-06,83,3.0,4.571428571428571,-1.5714285714285712,not increasing
143905,Orange County ,6059,CA,6,2020-03-07,98,15.0,5.857142857142857,9.142857142857142,increasing
147098,Orange County ,6059,CA,6,2020-03-08,124,26.0,9.285714285714286,16.714285714285715,increasing
150291,Orange County ,6059,CA,6,2020-03-09,132,8.0,9.714285714285714,-1.7142857142857135,not increasing
153484,Orange County ,6059,CA,6,2020-03-10,157,25.0,12.857142857142858,12.142857142857142,increasing
156677,Orange County ,6059,CA,6,2020-03-11,186,29.0,16.285714285714285,12.714285714285715,increasing
159870,Orange County ,6059,CA,6,2020-03-12,206,20.0,18.0,2.0,increasing
163063,Orange County ,6059,CA,6,2020-03-13,236,30.0,21.857142857142858,8.142857142857142,increasing
166256,Orange County ,6059,CA,6,2020-03-14,272,36.0,24.857142857142858,11.142857142857142,increasing
169449,Orange County ,6059,CA,6,2020-03-15,310,38.0,26.571428571428573,11.428571428571427,increasing
172642,Orange County ,6059,CA,6,2020-03-16,348,38.0,30.857142857142858,7.142857142857142,increasing
175835,Orange County ,6059,CA,6,2020-03-17,417,69.0,37.142857142857146,31.857142857142854,increasing
179028,Orange County ,6059,CA,6,2020-03-18,499,82.0,44.714285714285715,37.285714285714285,increasing
182221,Orange County ,6059,CA,6,2020-03-19,575,76.0,52.714285714285715,23.285714285714285,increasing
185414,Orange County ,6059,CA,6,2020-03-20,631,56.0,56.42857142857143,-0.4285714285714306,not increasing
188607,Orange County ,6059,CA,6,2020-03-21,713,82.0,63.0,19.0,increasing
191800,Orange County ,6059,CA,6,2020-03-22,760,47.0,64.28571428571429,-17.285714285714292,not increasing
194993,Orange County ,6059,CA,6,2020-03-23,809,49.0,65.85714285714286,-16.85714285714286,not increasing
198186,Orange County ,6059,CA,6,2020-03-24,875,66.0,65.42857142857143,0.5714285714285694,increasing
201379,Orange County ,6059,CA,6,2020-03-25,929,54.0,61.42857142857143,-7.428571428571431,not increasing
204572,Orange County ,6059,CA,6,2020-03-26,991,62.0,59.42857142857143,2.5714285714285694,increasing
207765,Orange County ,6059,CA,6,2020-03-27,1049,58.0,59.714285714285715,-1.7142857142857153,not increasing
210958,Orange County ,6059,CA,6,2020-03-28,1111,62.0,56.857142857142854,5.142857142857146,increasing
214151,Orange County ,6059,CA,6,2020-03-29,1162,51.0,57.42857142857143,-6.428571428571431,not increasing
217344,Orange County ,6059,CA,6,2020-03-30,1198,36.0,55.57142857142857,-19.57142857142857,not increasing
220537,Orange County ,6059,CA,6,2020-03-31,1271,73.0,56.57142857142857,16.42857142857143,increasing
223730,Orange County ,6059,CA,6,2020-04-01,1335,64.0,58.0,6.0,increasing
226923,Orange County ,6059,CA,6,2020-04-02,1403,68.0,58.857142857142854,9.142857142857146,increasing
230116,Orange County ,6059,CA,6,2020-04-03,1456,53.0,58.142857142857146,-5.142857142857146,not increasing
233309,Orange County ,6059,CA,6,2020-04-04,1508,52.0,56.714285714285715,-4.714285714285715,not increasing
236502,Orange County ,6059,CA,6,2020-04-05,1547,39.0,55.0,-16.0,not increasing
239695,Orange County ,6059,CA,6,2020-04-06,1589,42.0,55.857142857142854,-13.857142857142854,not increasing
242888,Orange County ,6059,CA,6,2020-04-07,1646,57.0,53.57142857142857,3.4285714285714306,increasing
246081,Orange County ,6059,CA,6,2020-04-08,1690,44.0,50.714285714285715,-6.714285714285715,not increasing
249274,Orange County ,6059,CA,6,2020-04-09,1737,47.0,47.714285714285715,-0.7142857142857153,not increasing
252467,Orange County ,6059,CA,6,2020-04-10,1798,61.0,48.857142857142854,12.142857142857146,increasing
255660,Orange County ,6059,CA,6,2020-04-11,1874,76.0,52.285714285714285,23.714285714285715,increasing
258853,Orange County ,6059,CA,6,2020-04-12,1920,46.0,53.285714285714285,-7.285714285714285,not increasing
262046,Orange County ,6059,CA,6,2020-04-13,1981,61.0,56.0,5.0,increasing
265239,Orange County ,6059,CA,6,2020-04-14,2041,60.0,56.42857142857143,3.5714285714285694,increasing
268432,Orange County ,6059,CA,6,2020-04-15,2112,71.0,60.285714285714285,10.714285714285715,increasing
271625,Orange County ,6059,CA,6,2020-04-16,2212,100.0,67.85714285714286,32.14285714285714,increasing
274818,Orange County ,6059,CA,6,2020-04-17,2314,102.0,73.71428571428571,28.285714285714292,increasing
278011,Orange County ,6059,CA,6,2020-04-18,2377,63.0,71.85714285714286,-8.857142857142861,not increasing
281204,Orange County ,6059,CA,6,2020-04-19,2427,50.0,72.42857142857143,-22.42857142857143,not increasing
284397,Orange County ,6059,CA,6,2020-04-20,2491,64.0,72.85714285714286,-8.857142857142861,not increasing
287590,Orange County ,6059,CA,6,2020-04-21,2587,96.0,78.0,18.0,increasing
290783,Orange County ,6059,CA,6,2020-04-22,2668,81.0,79.42857142857143,1.5714285714285694,increasing
293976,Orange County ,6059,CA,6,2020-04-23,2790,122.0,82.57142857142857,39.42857142857143,increasing
297169,Orange County ,6059,CA,6,2020-04-24,2883,93.0,81.28571428571429,11.714285714285708,increasing
300362,Orange County ,6059,CA,6,2020-04-25,3061,178.0,97.71428571428571,80.28571428571429,increasing
303555,Orange County ,6059,CA,6,2020-04-26,3169,108.0,106.0,2.0,increasing
306748,Orange County ,6059,CA,6,2020-04-27,3275,106.0,112.0,-6.0,not increasing
309941,Orange County ,6059,CA,6,2020-04-28,3440,165.0,121.85714285714286,43.14285714285714,increasing
313134,Orange County ,6059,CA,6,2020-04-29,3608,168.0,134.28571428571428,33.71428571428572,increasing
316327,Orange County ,6059,CA,6,2020-04-30,3771,163.0,140.14285714285714,22.85714285714286,increasing
319520,Orange County ,6059,CA,6,2020-05-01,3901,130.0,145.42857142857142,-15.428571428571416,not increasing
322713,Orange County ,6059,CA,6,2020-05-02,4115,214.0,150.57142857142858,63.428571428571416,increasing
325906,Orange County ,6059,CA,6,2020-05-03,4193,78.0,146.28571428571428,-68.28571428571428,not increasing
329099,Orange County ,6059,CA,6,2020-05-04,4307,114.0,147.42857142857142,-33.428571428571416,not increasing
332292,Orange County ,6059,CA,6,2020-05-05,4478,171.0,148.28571428571428,22.714285714285722,increasing
335485,Orange County ,6059,CA,6,2020-05-06,4614,136.0,143.71428571428572,-7.714285714285722,not increasing
338678,Orange County ,6059,CA,6,2020-05-07,4737,123.0,138.0,-15.0,not increasing
341871,Orange County ,6059,CA,6,2020-05-08,4922,185.0,145.85714285714286,39.14285714285714,increasing
345064,Orange County ,6059,CA,6,2020-05-09,5105,183.0,141.42857142857142,41.571428571428584,increasing
348257,Orange County ,6059,CA,6,2020-05-10,5247,142.0,150.57142857142858,-8.571428571428584,not increasing
351450,Orange County ,6059,CA,6,2020-05-11,5328,81.0,145.85714285714286,-64.85714285714286,not increasing
354643,Orange County ,6059,CA,6,2020-05-12,5473,145.0,142.14285714285714,2.857142857142861,increasing
357836,Orange County ,6059,CA,6,2020-05-13,5679,206.0,152.14285714285714,53.85714285714286,increasing
361029,Orange County ,6059,CA,6,2020-05-14,5861,182.0,160.57142857142858,21.428571428571416,increasing
364222,Orange County ,6059,CA,6,2020-05-15,6107,246.0,169.28571428571428,76.71428571428572,increasing
367415,Orange County ,6059,CA,6,2020-05-16,6283,176.0,168.28571428571428,7.714285714285722,increasing
370608,Orange County ,6059,CA,6,2020-05-17,6454,171.0,172.42857142857142,-1.4285714285714164,not increasing
373801,Orange County ,6059,CA,6,2020-05-18,6530,76.0,171.71428571428572,-95.71428571428572,not increasing
376994,Orange County ,6059,CA,6,2020-05-19,6709,179.0,176.57142857142858,2.4285714285714164,increasing
380187,Orange County ,6059,CA,6,2020-05-20,6897,188.0,174.0,14.0,increasing
383380,Orange County ,6059,CA,6,2020-05-21,7092,195.0,175.85714285714286,19.14285714285714,increasing
386573,Orange County ,6059,CA,6,2020-05-22,7297,205.0,170.0,35.0,increasing
389766,Orange County ,6059,CA,6,2020-05-23,7498,201.0,173.57142857142858,27.428571428571416,increasing
392959,Orange County ,6059,CA,6,2020-05-24,7692,194.0,176.85714285714286,17.14285714285714,increasing
396152,Orange County ,6059,CA,6,2020-05-25,7849,157.0,188.42857142857142,-31.428571428571416,not increasing
399345,Orange County ,6059,CA,6,2020-05-26,8003,154.0,184.85714285714286,-30.85714285714286,not increasing
402538,Orange County ,6059,CA,6,2020-05-27,8226,223.0,189.85714285714286,33.14285714285714,increasing
405731,Orange County ,6059,CA,6,2020-05-28,8494,268.0,200.28571428571428,67.71428571428572,increasing
408924,Orange County ,6059,CA,6,2020-05-29,8650,156.0,193.28571428571428,-37.28571428571428,not increasing
412117,Orange County ,6059,CA,6,2020-05-30,8846,196.0,192.57142857142858,3.4285714285714164,increasing
415310,Orange County ,6059,CA,6,2020-05-31,9041,195.0,192.71428571428572,2.2857142857142776,increasing
418503,Orange County ,6059,CA,6,2020-06-01,9196,155.0,192.42857142857142,-37.428571428571416,not increasing
421696,Orange County ,6059,CA,6,2020-06-02,9407,211.0,200.57142857142858,10.428571428571416,increasing
424889,Orange County ,6059,CA,6,2020-06-03,9603,196.0,196.71428571428572,-0.7142857142857224,not increasing
428082,Orange County ,6059,CA,6,2020-06-04,9805,202.0,187.28571428571428,14.714285714285722,increasing
431275,Orange County ,6059,CA,6,2020-06-05,10033,228.0,197.57142857142858,30.428571428571416,increasing
434468,Orange County ,6059,CA,6,2020-06-06,10284,251.0,205.42857142857142,45.571428571428584,increasing
437661,Orange County ,6059,CA,6,2020-06-07,10479,195.0,205.42857142857142,-10.428571428571416,not increasing
440854,Orange County ,6059,CA,6,2020-06-08,10638,159.0,206.0,-47.0,not increasing
444047,Orange County ,6059,CA,6,2020-06-09,10895,257.0,212.57142857142858,44.428571428571416,increasing
447240,Orange County ,6059,CA,6,2020-06-10,11147,252.0,220.57142857142858,31.428571428571416,increasing
450433,Orange County ,6059,CA,6,2020-06-11,11388,241.0,226.14285714285714,14.857142857142861,increasing
453626,Orange County ,6059,CA,6,2020-06-12,11664,276.0,233.0,43.0,increasing
456819,Orange County ,6059,CA,6,2020-06-13,11972,308.0,241.14285714285714,66.85714285714286,increasing
460012,Orange County ,6059,CA,6,2020-06-14,12277,305.0,256.85714285714283,48.14285714285717,increasing
463205,Orange County ,6059,CA,6,2020-06-15,12520,243.0,268.85714285714283,-25.857142857142833,not increasing
466398,Orange County ,6059,CA,6,2020-06-16,12944,424.0,292.7142857142857,131.28571428571428,increasing
469591,Orange County ,6059,CA,6,2020-06-17,13508,564.0,337.2857142857143,226.71428571428572,increasing
472784,Orange County ,6059,CA,6,2020-06-18,14091,583.0,386.14285714285717,196.85714285714283,increasing
475977,Orange County ,6059,CA,6,2020-06-19,14694,603.0,432.85714285714283,170.14285714285717,increasing
479170,Orange County ,6059,CA,6,2020-06-20,15349,655.0,482.42857142857144,172.57142857142856,increasing
482363,Orange County ,6059,CA,6,2020-06-21,15874,525.0,513.8571428571429,11.14285714285711,increasing
485556,Orange County ,6059,CA,6,2020-06-22,16221,347.0,528.7142857142857,-181.71428571428567,not increasing
488749,Orange County ,6059,CA,6,2020-06-23,17058,837.0,587.7142857142857,249.28571428571433,increasing
491942,Orange County ,6059,CA,6,2020-06-24,17987,929.0,639.8571428571429,289.1428571428571,increasing
495135,Orange County ,6059,CA,6,2020-06-25,18957,970.0,695.1428571428571,274.8571428571429,increasing
498328,Orange County ,6059,CA,6,2020-06-26,19950,993.0,750.8571428571429,242.1428571428571,increasing
501521,Orange County ,6059,CA,6,2020-06-27,20872,922.0,789.0,133.0,increasing
504714,Orange County ,6059,CA,6,2020-06-28,21547,675.0,810.4285714285714,-135.42857142857144,not increasing
507907,Orange County ,6059,CA,6,2020-06-29,22055,508.0,833.4285714285714,-325.42857142857144,not increasing
511100,Orange County ,6059,CA,6,2020-06-30,23030,975.0,853.1428571428571,121.85714285714289,increasing
514293,Orange County ,6059,CA,6,2020-07-01,24022,992.0,862.1428571428571,129.8571428571429,increasing
517486,Orange County ,6059,CA,6,2020-07-02,24950,928.0,856.1428571428571,71.85714285714289,increasing
520679,Orange County ,6059,CA,6,2020-07-03,25833,883.0,840.4285714285714,42.571428571428555,increasing
523872,Orange County ,6059,CA,6,2020-07-04,26595,762.0,817.5714285714286,-55.571428571428555,not increasing
527065,Orange County ,6059,CA,6,2020-07-05,26986,391.0,777.0,-386.0,not increasing
530258,Orange County ,6059,CA,6,2020-07-06,27418,432.0,766.1428571428571,-334.1428571428571,not increasing
533451,Orange County ,6059,CA,6,2020-07-07,28360,942.0,761.4285714285714,180.57142857142856,increasing
536644,Orange County ,6059,CA,6,2020-07-08,29420,1060.0,771.1428571428571,288.8571428571429,increasing
539837,Orange County ,6059,CA,6,2020-07-09,30431,1011.0,783.0,228.0,increasing
543030,Orange County ,6059,CA,6,2020-07-10,31382,951.0,792.7142857142857,158.28571428571433,increasing
546223,Orange County ,6059,CA,6,2020-07-11,32351,969.0,822.2857142857143,146.71428571428567,increasing
549416,Orange County ,6059,CA,6,2020-07-12,32937,586.0,850.1428571428571,-264.1428571428571,not increasing
552609,Orange County ,6059,CA,6,2020-07-13,33314,377.0,842.2857142857143,-465.28571428571433,not increasing
555802,Orange County ,6059,CA,6,2020-07-14,34188,874.0,832.5714285714286,41.428571428571445,increasing
558995,Orange County ,6059,CA,6,2020-07-15,35051,863.0,804.4285714285714,58.571428571428555,increasing
562188,Orange County ,6059,CA,6,2020-07-16,35930,879.0,785.5714285714286,93.42857142857144,increasing
565381,Orange County ,6059,CA,6,2020-07-17,36732,802.0,764.2857142857143,37.714285714285666,increasing
568574,Orange County ,6059,CA,6,2020-07-18,37434,702.0,726.1428571428571,-24.14285714285711,not increasing
571767,Orange County ,6059,CA,6,2020-07-19,37896,462.0,708.4285714285714,-246.42857142857144,not increasing
574960,Orange County ,6059,CA,6,2020-07-20,38215,319.0,700.1428571428571,-381.1428571428571,not increasing
578153,Orange County ,6059,CA,6,2020-07-21,38779,564.0,655.8571428571429,-91.85714285714289,not increasing
581346,Orange County ,6059,CA,6,2020-07-22,39386,607.0,619.2857142857143,-12.285714285714334,not increasing
584539,Orange County ,6059,CA,6,2020-07-23,39883,497.0,564.7142857142857,-67.71428571428567,not increasing
587732,Orange County ,6059,CA,6,2020-07-24,40383,500.0,521.5714285714286,-21.571428571428555,not increasing
590925,Orange County ,6059,CA,6,2020-07-25,40879,496.0,492.14285714285717,3.857142857142833,increasing
594118,Orange County ,6059,CA,6,2020-07-26,41166,287.0,467.14285714285717,-180.14285714285717,not increasing
597311,Orange County ,6059,CA,6,2020-07-27,41386,220.0,453.0,-233.0,not increasing
600504,Orange County ,6059,CA,6,2020-07-28,41912,526.0,447.57142857142856,78.42857142857144,increasing
603697,Orange County ,6059,CA,6,2020-07-29,42352,440.0,423.7142857142857,16.285714285714278,increasing
606890,Orange County ,6059,CA,6,2020-07-30,42810,458.0,418.14285714285717,39.85714285714283,increasing
610083,Orange County ,6059,CA,6,2020-07-31,43243,433.0,408.57142857142856,24.428571428571445,increasing
613276,Orange County ,6059,CA,6,2020-08-01,43657,414.0,396.85714285714283,17.142857142857167,increasing
616469,Orange County ,6059,CA,6,2020-08-02,43957,300.0,398.7142857142857,-98.71428571428572,not increasing
619662,Orange County ,6059,CA,6,2020-08-03,44184,227.0,399.7142857142857,-172.71428571428572,not increasing
622855,Orange County ,6059,CA,6,2020-08-04,44565,381.0,379.0,2.0,increasing
626048,Orange County ,6059,CA,6,2020-08-05,44959,394.0,372.42857142857144,21.571428571428555,increasing
629241,Orange County ,6059,CA,6,2020-08-06,45332,373.0,360.2857142857143,12.714285714285722,increasing
632434,Orange County ,6059,CA,6,2020-08-07,45641,309.0,342.57142857142856,-33.571428571428555,not increasing
635627,Orange County ,6059,CA,6,2020-08-08,45933,292.0,325.14285714285717,-33.14285714285717,not increasing
638820,Orange County ,6059,CA,6,2020-08-09,46145,212.0,312.57142857142856,-100.57142857142856,not increasing
642013,Orange County ,6059,CA,6,2020-08-10,46270,125.0,298.0,-173.0,not increasing
645206,Orange County ,6059,CA,6,2020-08-11,46568,298.0,286.14285714285717,11.857142857142833,increasing
648399,Orange County ,6059,CA,6,2020-08-12,46836,268.0,268.14285714285717,-0.14285714285716722,not increasing
651592,Orange County ,6059,CA,6,2020-08-13,47056,220.0,246.28571428571428,-26.285714285714278,not increasing
654785,Orange County ,6059,CA,6,2020-08-14,47307,251.0,238.0,13.0,increasing
657978,Orange County ,6059,CA,6,2020-08-15,47546,239.0,230.42857142857142,8.571428571428584,increasing
661171,Orange County ,6059,CA,6,2020-08-16,47695,149.0,221.42857142857142,-72.42857142857142,not increasing
664364,Orange County ,6059,CA,6,2020-08-17,47807,112.0,219.57142857142858,-107.57142857142858,not increasing
667557,Orange County ,6059,CA,6,2020-08-18,48057,250.0,212.71428571428572,37.28571428571428,increasing
670750,Orange County ,6059,CA,6,2020-08-19,48267,210.0,204.42857142857142,5.571428571428584,increasing
673943,Orange County ,6059,CA,6,2020-08-20,48493,226.0,205.28571428571428,20.714285714285722,increasing
677136,Orange County ,6059,CA,6,2020-08-21,48697,204.0,198.57142857142858,5.428571428571416,increasing
680329,Orange County ,6059,CA,6,2020-08-22,48923,226.0,196.71428571428572,29.285714285714278,increasing
683522,Orange County ,6059,CA,6,2020-08-23,49064,141.0,195.57142857142858,-54.571428571428584,not increasing
686715,Orange County ,6059,CA,6,2020-08-24,49206,142.0,199.85714285714286,-57.85714285714286,not increasing
689908,Orange County ,6059,CA,6,2020-08-25,49442,236.0,197.85714285714286,38.14285714285714,increasing
693101,Orange County ,6059,CA,6,2020-08-26,49633,191.0,195.14285714285714,-4.142857142857139,not increasing
696294,Orange County ,6059,CA,6,2020-08-27,49826,193.0,190.42857142857142,2.5714285714285836,increasing
699487,Orange County ,6059,CA,6,2020-08-28,50010,184.0,187.57142857142858,-3.5714285714285836,not increasing
702680,Orange County ,6059,CA,6,2020-08-29,50167,157.0,177.71428571428572,-20.714285714285722,not increasing
705873,Orange County ,6059,CA,6,2020-08-30,50267,100.0,171.85714285714286,-71.85714285714286,not increasing
709066,Orange County ,6059,CA,6,2020-08-31,50372,105.0,166.57142857142858,-61.571428571428584,not increasing
712259,Orange County ,6059,CA,6,2020-09-01,50566,194.0,160.57142857142858,33.428571428571416,increasing
715452,Orange County ,6059,CA,6,2020-09-02,50764,198.0,161.57142857142858,36.428571428571416,increasing
718645,Orange County ,6059,CA,6,2020-09-03,50929,165.0,157.57142857142858,7.428571428571416,increasing
721838,Orange County ,6059,CA,6,2020-09-04,51111,182.0,157.28571428571428,24.714285714285722,increasing
725031,Orange County ,6059,CA,6,2020-09-05,51298,187.0,161.57142857142858,25.428571428571416,increasing
728224,Orange County ,6059,CA,6,2020-09-06,51422,124.0,165.0,-41.0,not increasing
731417,Orange County ,6059,CA,6,2020-09-07,51525,103.0,164.71428571428572,-61.71428571428572,not increasing
734610,Orange County ,6059,CA,6,2020-09-08,51637,112.0,153.0,-41.0,not increasing
737803,Orange County ,6059,CA,6,2020-09-09,51807,170.0,149.0,21.0,increasing
740996,Orange County ,6059,CA,6,2020-09-10,51948,141.0,145.57142857142858,-4.571428571428584,not increasing
744189,Orange County ,6059,CA,6,2020-09-11,52126,178.0,145.0,33.0,increasing
747382,Orange County ,6059,CA,6,2020-09-12,52289,163.0,141.57142857142858,21.428571428571416,increasing
750575,Orange County ,6059,CA,6,2020-09-13,52416,127.0,142.0,-15.0,not increasing
753768,Orange County ,6059,CA,6,2020-09-14,52529,113.0,143.42857142857142,-30.428571428571416,not increasing
756961,Orange County ,6059,CA,6,2020-09-15,52742,213.0,157.85714285714286,55.14285714285714,increasing
760154,Orange County ,6059,CA,6,2020-09-16,52901,159.0,156.28571428571428,2.7142857142857224,increasing
763347,Orange County ,6059,CA,6,2020-09-17,53083,182.0,162.14285714285714,19.85714285714286,increasing
766540,Orange County ,6059,CA,6,2020-09-18,53283,200.0,165.28571428571428,34.71428571428572,increasing
769733,Orange County ,6059,CA,6,2020-09-19,53462,179.0,167.57142857142858,11.428571428571416,increasing
772926,Orange County ,6059,CA,6,2020-09-20,53609,147.0,170.42857142857142,-23.428571428571416,not increasing
776119,Orange County ,6059,CA,6,2020-09-21,53738,129.0,172.71428571428572,-43.71428571428572,not increasing
779312,Orange County ,6059,CA,6,2020-09-22,53976,238.0,176.28571428571428,61.71428571428572,increasing
782505,Orange County ,6059,CA,6,2020-09-23,54195,219.0,184.85714285714286,34.14285714285714,increasing
785698,Orange County ,6059,CA,6,2020-09-24,54445,250.0,194.57142857142858,55.428571428571416,increasing
788891,Orange County ,6059,CA,6,2020-09-25,54673,228.0,198.57142857142858,29.428571428571416,increasing
792084,Orange County ,6059,CA,6,2020-09-26,54881,208.0,202.71428571428572,5.285714285714278,increasing
795277,Orange County ,6059,CA,6,2020-09-27,55008,127.0,199.85714285714286,-72.85714285714286,not increasing
798470,Orange County ,6059,CA,6,2020-09-28,55148,140.0,201.42857142857142,-61.428571428571416,not increasing
801663,Orange County ,6059,CA,6,2020-09-29,55421,273.0,206.42857142857142,66.57142857142858,increasing
804856,Orange County ,6059,CA,6,2020-09-30,55627,206.0,204.57142857142858,1.4285714285714164,increasing
808049,Orange County ,6059,CA,6,2020-10-01,55813,186.0,195.42857142857142,-9.428571428571416,not increasing
811242,Orange County ,6059,CA,6,2020-10-02,56004,191.0,190.14285714285714,0.8571428571428612,increasing
814435,Orange County ,6059,CA,6,2020-10-03,56169,165.0,184.0,-19.0,not increasing
817628,Orange County ,6059,CA,6,2020-10-04,56299,130.0,184.42857142857142,-54.428571428571416,not increasing
820821,Orange County ,6059,CA,6,2020-10-05,56416,117.0,181.14285714285714,-64.14285714285714,not increasing
824014,Orange County ,6059,CA,6,2020-10-06,56652,236.0,175.85714285714286,60.14285714285714,increasing
827207,Orange County ,6059,CA,6,2020-10-07,56866,214.0,177.0,37.0,increasing
830400,Orange County ,6059,CA,6,2020-10-08,57081,215.0,181.14285714285714,33.85714285714286,increasing
833593,Orange County ,6059,CA,6,2020-10-09,57300,219.0,185.14285714285714,33.85714285714286,increasing
836786,Orange County ,6059,CA,6,2020-10-10,57493,193.0,189.14285714285714,3.857142857142861,increasing
839979,Orange County ,6059,CA,6,2020-10-11,57660,167.0,194.42857142857142,-27.428571428571416,not increasing
843172,Orange County ,6059,CA,6,2020-10-12,57781,121.0,195.0,-74.0,not increasing
846365,Orange County ,6059,CA,6,2020-10-13,58011,230.0,194.14285714285714,35.85714285714286,increasing
849558,Orange County ,6059,CA,6,2020-10-14,58240,229.0,196.28571428571428,32.71428571428572,increasing
852751,Orange County ,6059,CA,6,2020-10-15,58451,211.0,195.71428571428572,15.285714285714278,increasing
855944,Orange County ,6059,CA,6,2020-10-16,58662,211.0,194.57142857142858,16.428571428571416,increasing
859137,Orange County ,6059,CA,6,2020-10-17,58877,215.0,197.71428571428572,17.285714285714278,increasing
862330,Orange County ,6059,CA,6,2020-10-18,59053,176.0,199.0,-23.0,not increasing
865523,Orange County ,6059,CA,6,2020-10-19,59193,140.0,201.71428571428572,-61.71428571428572,not increasing
868716,Orange County ,6059,CA,6,2020-10-20,59492,299.0,211.57142857142858,87.42857142857142,increasing
871909,Orange County ,6059,CA,6,2020-10-21,59778,286.0,219.71428571428572,66.28571428571428,increasing
875102,Orange County ,6059,CA,6,2020-10-22,60039,261.0,226.85714285714286,34.14285714285714,increasing
878295,Orange County ,6059,CA,6,2020-10-23,60250,211.0,226.85714285714286,-15.857142857142861,not increasing
881488,Orange County ,6059,CA,6,2020-10-24,60464,214.0,226.71428571428572,-12.714285714285722,not increasing
884681,Orange County ,6059,CA,6,2020-10-25,60635,171.0,226.0,-55.0,not increasing
887874,Orange County ,6059,CA,6,2020-10-26,60787,152.0,227.71428571428572,-75.71428571428572,not increasing
891067,Orange County ,6059,CA,6,2020-10-27,61076,289.0,226.28571428571428,62.71428571428572,increasing
894260,Orange County ,6059,CA,6,2020-10-28,61280,204.0,214.57142857142858,-10.571428571428584,not increasing
897453,Orange County ,6059,CA,6,2020-10-29,61550,270.0,215.85714285714286,54.14285714285714,increasing
900646,Orange County ,6059,CA,6,2020-10-30,61812,262.0,223.14285714285714,38.85714285714286,increasing
903839,Orange County ,6059,CA,6,2020-10-31,62080,268.0,230.85714285714286,37.14285714285714,increasing
907032,Orange County ,6059,CA,6,2020-11-01,62321,241.0,240.85714285714286,0.1428571428571388,increasing
910225,Orange County ,6059,CA,6,2020-11-02,62580,259.0,256.14285714285717,2.857142857142833,increasing
913418,Orange County ,6059,CA,6,2020-11-03,62982,402.0,272.2857142857143,129.71428571428572,increasing
916611,Orange County ,6059,CA,6,2020-11-04,63384,402.0,300.57142857142856,101.42857142857144,increasing
919804,Orange County ,6059,CA,6,2020-11-05,63810,426.0,322.85714285714283,103.14285714285717,increasing
922997,Orange County ,6059,CA,6,2020-11-06,64241,431.0,347.0,84.0,increasing
926190,Orange County ,6059,CA,6,2020-11-07,64685,444.0,372.14285714285717,71.85714285714283,increasing
929383,Orange County ,6059,CA,6,2020-11-08,64987,302.0,380.85714285714283,-78.85714285714283,not increasing
932576,Orange County ,6059,CA,6,2020-11-09,65273,286.0,384.7142857142857,-98.71428571428572,not increasing
935769,Orange County ,6059,CA,6,2020-11-10,65855,582.0,410.42857142857144,171.57142857142856,increasing
938962,Orange County ,6059,CA,6,2020-11-11,66496,641.0,444.57142857142856,196.42857142857144,increasing
942155,Orange County ,6059,CA,6,2020-11-12,67045,549.0,462.14285714285717,86.85714285714283,increasing
945348,Orange County ,6059,CA,6,2020-11-13,67682,637.0,491.57142857142856,145.42857142857144,increasing
948541,Orange County ,6059,CA,6,2020-11-14,68424,742.0,534.1428571428571,207.8571428571429,increasing
951734,Orange County ,6059,CA,6,2020-11-15,69025,601.0,576.8571428571429,24.14285714285711,increasing
954927,Orange County ,6059,CA,6,2020-11-16,69639,614.0,623.7142857142857,-9.714285714285666,not increasing
958120,Orange County ,6059,CA,6,2020-11-17,70667,1028.0,687.4285714285714,340.57142857142856,increasing
961313,Orange County ,6059,CA,6,2020-11-18,71763,1096.0,752.4285714285714,343.57142857142856,increasing
964506,Orange County ,6059,CA,6,2020-11-19,72910,1147.0,837.8571428571429,309.1428571428571,increasing
967699,Orange County ,6059,CA,6,2020-11-20,74004,1094.0,903.1428571428571,190.8571428571429,increasing
970892,Orange County ,6059,CA,6,2020-11-21,75276,1272.0,978.8571428571429,293.1428571428571,increasing
974085,Orange County ,6059,CA,6,2020-11-22,76104,828.0,1011.2857142857143,-183.28571428571433,not increasing
977278,Orange County ,6059,CA,6,2020-11-23,76909,805.0,1038.5714285714287,-233.57142857142867,not increasing
980471,Orange County ,6059,CA,6,2020-11-24,78326,1417.0,1094.142857142857,322.8571428571429,increasing
983664,Orange County ,6059,CA,6,2020-11-25,79717,1391.0,1136.2857142857142,254.71428571428578,increasing
986857,Orange County ,6059,CA,6,2020-11-26,81150,1433.0,1177.142857142857,255.8571428571429,increasing
990050,Orange County ,6059,CA,6,2020-11-27,81890,740.0,1126.5714285714287,-386.57142857142867,not increasing
993243,Orange County ,6059,CA,6,2020-11-28,83243,1353.0,1138.142857142857,214.8571428571429,increasing
996436,Orange County ,6059,CA,6,2020-11-29,84523,1280.0,1202.7142857142858,77.28571428571422,increasing
999629,Orange County ,6059,CA,6,2020-11-30,85616,1093.0,1243.857142857143,-150.8571428571429,not increasing
1002822,Orange County ,6059,CA,6,2020-12-01,87633,2017.0,1329.5714285714287,687.4285714285713,increasing
1006015,Orange County ,6059,CA,6,2020-12-02,89724,2091.0,1429.5714285714287,661.4285714285713,increasing
1009208,Orange County ,6059,CA,6,2020-12-03,91808,2084.0,1522.5714285714287,561.4285714285713,increasing
1012401,Orange County ,6059,CA,6,2020-12-04,93985,2177.0,1727.857142857143,449.1428571428571,increasing
1015594,Orange County ,6059,CA,6,2020-12-05,96474,2489.0,1890.142857142857,598.8571428571429,increasing
1018787,Orange County ,6059,CA,6,2020-12-06,98359,1885.0,1976.5714285714287,-91.57142857142867,not increasing
1021980,Orange County ,6059,CA,6,2020-12-07,99789,1430.0,2024.7142857142858,-594.7142857142858,not increasing
1025173,Orange County ,6059,CA,6,2020-12-08,102822,3033.0,2169.8571428571427,863.1428571428573,increasing
1028366,Orange County ,6059,CA,6,2020-12-09,106064,3242.0,2334.285714285714,907.7142857142858,increasing
1031559,Orange County ,6059,CA,6,2020-12-10,109265,3201.0,2493.8571428571427,707.1428571428573,increasing
1034752,Orange County ,6059,CA,6,2020-12-11,112364,3099.0,2625.5714285714284,473.42857142857156,increasing
1037945,Orange County ,6059,CA,6,2020-12-12,115445,3081.0,2710.1428571428573,370.85714285714266,increasing
1041138,Orange County ,6059,CA,6,2020-12-13,117743,2298.0,2769.1428571428573,-471.14285714285734,not increasing
1044331,Orange County ,6059,CA,6,2020-12-14,119591,1848.0,2828.8571428571427,-980.8571428571427,not increasing
1047524,Orange County ,6059,CA,6,2020-12-15,123481,3890.0,2951.285714285714,938.7142857142858,increasing
1050717,Orange County ,6059,CA,6,2020-12-16,127351,3870.0,3041.0,829.0,increasing
1053910,Orange County ,6059,CA,6,2020-12-17,131010,3659.0,3106.4285714285716,552.5714285714284,increasing
1057103,Orange County ,6059,CA,6,2020-12-18,134459,3449.0,3156.4285714285716,292.57142857142844,increasing
1060296,Orange County ,6059,CA,6,2020-12-19,137813,3354.0,3195.4285714285716,158.57142857142844,increasing
1063489,Orange County ,6059,CA,6,2020-12-20,140225,2412.0,3211.714285714286,-799.7142857142858,not increasing
1066682,Orange County ,6059,CA,6,2020-12-21,142099,1874.0,3215.4285714285716,-1341.4285714285716,not increasing
1069875,Orange County ,6059,CA,6,2020-12-22,145573,3474.0,3156.0,318.0,increasing
1073068,Orange County ,6059,CA,6,2020-12-23,148982,3409.0,3090.1428571428573,318.85714285714266,increasing
1076261,Orange County ,6059,CA,6,2020-12-24,152361,3379.0,3050.1428571428573,328.85714285714266,increasing
1079454,Orange County ,6059,CA,6,2020-12-25,154788,2427.0,2904.1428571428573,-477.14285714285734,not increasing
1082647,Orange County ,6059,CA,6,2020-12-26,156217,1429.0,2629.1428571428573,-1200.1428571428573,not increasing
1085840,Orange County ,6059,CA,6,2020-12-27,158857,2640.0,2661.714285714286,-21.71428571428578,not increasing
1089033,Orange County ,6059,CA,6,2020-12-28,160998,2141.0,2699.8571428571427,-558.8571428571427,not increasing
1092226,Orange County ,6059,CA,6,2020-12-29,165397,4399.0,2832.0,1567.0,increasing
1095419,Orange County ,6059,CA,6,2020-12-30,169543,4146.0,2937.285714285714,1208.7142857142858,increasing
1098612,Orange County ,6059,CA,6,2020-12-31,173410,3867.0,3007.0,860.0,increasing
1101805,Orange County ,6059,CA,6,2021-01-01,176075,2665.0,3041.0,-376.0,not increasing
1104998,Orange County ,6059,CA,6,2021-01-02,177873,1798.0,3093.714285714286,-1295.7142857142858,not increasing
1108191,Orange County ,6059,CA,6,2021-01-03,180621,2748.0,3109.1428571428573,-361.14285714285734,not increasing
1111384,Orange County ,6059,CA,6,2021-01-04,182760,2139.0,3108.8571428571427,-969.8571428571427,not increasing
1114577,Orange County ,6059,CA,6,2021-01-05,186917,4157.0,3074.285714285714,1082.7142857142858,increasing
1117770,Orange County ,6059,CA,6,2021-01-06,190855,3938.0,3044.5714285714284,893.4285714285716,increasing
1120963,Orange County ,6059,CA,6,2021-01-07,194571,3716.0,3023.0,693.0,increasing
1124156,Orange County ,6059,CA,6,2021-01-08,198092,3521.0,3145.285714285714,375.7142857142858,increasing
1127349,Orange County ,6059,CA,6,2021-01-09,200973,2881.0,3300.0,-419.0,not increasing
1130542,Orange County ,6059,CA,6,2021-01-10,202961,1988.0,3191.4285714285716,-1203.4285714285716,not increasing
1133735,Orange County ,6059,CA,6,2021-01-11,204450,1489.0,3098.5714285714284,-1609.5714285714284,not increasing
1136928,Orange County ,6059,CA,6,2021-01-12,207200,2750.0,2897.5714285714284,-147.57142857142844,not increasing
1140121,Orange County ,6059,CA,6,2021-01-13,209761,2561.0,2700.8571428571427,-139.85714285714266,not increasing
1143314,Orange County ,6059,CA,6,2021-01-14,212115,2354.0,2506.285714285714,-152.28571428571422,not increasing
1146507,Orange County ,6059,CA,6,2021-01-15,214196,2081.0,2300.5714285714284,-219.57142857142844,not increasing
1149700,Orange County ,6059,CA,6,2021-01-16,216123,1927.0,2164.285714285714,-237.28571428571422,not increasing
1152893,Orange County ,6059,CA,6,2021-01-17,217490,1367.0,2075.5714285714284,-708.5714285714284,not increasing
1156086,Orange County ,6059,CA,6,2021-01-18,218524,1034.0,2010.5714285714287,-976.5714285714287,not increasing
1159279,Orange County ,6059,CA,6,2021-01-19,220537,2013.0,1905.2857142857142,107.71428571428578,increasing
1162472,Orange County ,6059,CA,6,2021-01-20,222465,1928.0,1814.857142857143,113.14285714285711,increasing
1165665,Orange County ,6059,CA,6,2021-01-21,224216,1751.0,1728.7142857142858,22.28571428571422,increasing
1168858,Orange County ,6059,CA,6,2021-01-22,225757,1541.0,1651.5714285714287,-110.57142857142867,not increasing
1172051,Orange County ,6059,CA,6,2021-01-23,227134,1377.0,1573.0,-196.0,not increasing
1175244,Orange County ,6059,CA,6,2021-01-24,228081,947.0,1513.0,-566.0,not increasing
1178437,Orange County ,6059,CA,6,2021-01-25,228847,766.0,1474.7142857142858,-708.7142857142858,not increasing
1181630,Orange County ,6059,CA,6,2021-01-26,230272,1425.0,1390.7142857142858,34.28571428571422,increasing
1184823,Orange County ,6059,CA,6,2021-01-27,231474,1202.0,1287.0,-85.0,not increasing
1188016,Orange County ,6059,CA,6,2021-01-28,232603,1129.0,1198.142857142857,-69.14285714285711,not increasing
1191209,Orange County ,6059,CA,6,2021-01-29,233723,1120.0,1138.0,-18.0,not increasing
1194402,Orange County ,6059,CA,6,2021-01-30,234706,983.0,1081.7142857142858,-98.71428571428578,not increasing
1197595,Orange County ,6059,CA,6,2021-01-31,235397,691.0,1045.142857142857,-354.1428571428571,not increasing
1200788,Orange County ,6059,CA,6,2021-02-01,235940,543.0,1013.2857142857143,-470.28571428571433,not increasing
1203981,Orange County ,6059,CA,6,2021-02-02,236946,1006.0,953.4285714285714,52.571428571428555,increasing
1207174,Orange County ,6059,CA,6,2021-02-03,237855,909.0,911.5714285714286,-2.571428571428555,not increasing
1210367,Orange County ,6059,CA,6,2021-02-04,238655,800.0,864.5714285714286,-64.57142857142856,not increasing
1213560,Orange County ,6059,CA,6,2021-02-05,239401,746.0,811.1428571428571,-65.14285714285711,not increasing
1216753,Orange County ,6059,CA,6,2021-02-06,240043,642.0,762.4285714285714,-120.42857142857144,not increasing
1219946,Orange County ,6059,CA,6,2021-02-07,240465,422.0,724.0,-302.0,not increasing
1223139,Orange County ,6059,CA,6,2021-02-08,240823,358.0,697.5714285714286,-339.57142857142856,not increasing
1226332,Orange County ,6059,CA,6,2021-02-09,241421,598.0,639.2857142857143,-41.285714285714334,not increasing
1229525,Orange County ,6059,CA,6,2021-02-10,241886,465.0,575.8571428571429,-110.85714285714289,not increasing
1232718,Orange County ,6059,CA,6,2021-02-11,242303,417.0,521.1428571428571,-104.14285714285711,not increasing
1235911,Orange County ,6059,CA,6,2021-02-12,242722,419.0,474.42857142857144,-55.428571428571445,not increasing
1239104,Orange County ,6059,CA,6,2021-02-13,243088,366.0,435.0,-69.0,not increasing
1242297,Orange County ,6059,CA,6,2021-02-14,243325,237.0,408.57142857142856,-171.57142857142856,not increasing
1245490,Orange County ,6059,CA,6,2021-02-15,243526,201.0,386.14285714285717,-185.14285714285717,not increasing
1248683,Orange County ,6059,CA,6,2021-02-16,243836,310.0,345.0,-35.0,not increasing
1251876,Orange County ,6059,CA,6,2021-02-17,244155,319.0,324.14285714285717,-5.142857142857167,not increasing
1255069,Orange County ,6059,CA,6,2021-02-18,244480,325.0,311.0,14.0,increasing
1258262,Orange County ,6059,CA,6,2021-02-19,244747,267.0,289.2857142857143,-22.285714285714278,not increasing
1261455,Orange County ,6059,CA,6,2021-02-20,244968,221.0,268.57142857142856,-47.571428571428555,not increasing
1264648,Orange County ,6059,CA,6,2021-02-21,245146,178.0,260.14285714285717,-82.14285714285717,not increasing
1267841,Orange County ,6059,CA,6,2021-02-22,245311,165.0,255.0,-90.0,not increasing
1271034,Orange County ,6059,CA,6,2021-02-23,245616,305.0,254.28571428571428,50.71428571428572,increasing
1274227,Orange County ,6059,CA,6,2021-02-24,245853,237.0,242.57142857142858,-5.571428571428584,not increasing
1277420,Orange County ,6059,CA,6,2021-02-25,246049,196.0,224.14285714285714,-28.14285714285714,not increasing
1280613,Orange County ,6059,CA,6,2021-02-26,246266,217.0,217.0,0.0,not increasing
1283806,Orange County ,6059,CA,6,2021-02-27,246440,174.0,210.28571428571428,-36.28571428571428,not increasing
1286999,Orange County ,6059,CA,6,2021-02-28,246578,138.0,204.57142857142858,-66.57142857142858,not increasing
1290192,Orange County ,6059,CA,6,2021-03-01,246704,126.0,199.0,-73.0,not increasing
1293385,Orange County ,6059,CA,6,2021-03-02,246904,200.0,184.0,16.0,increasing
1296578,Orange County ,6059,CA,6,2021-03-03,247097,193.0,177.71428571428572,15.285714285714278,increasing
1299771,Orange County ,6059,CA,6,2021-03-04,247243,146.0,170.57142857142858,-24.571428571428584,not increasing
1302964,Orange County ,6059,CA,6,2021-03-05,247387,144.0,160.14285714285714,-16.14285714285714,not increasing
1306157,Orange County ,6059,CA,6,2021-03-06,247539,152.0,157.0,-5.0,not increasing
1309350,Orange County ,6059,CA,6,2021-03-07,247653,114.0,153.57142857142858,-39.571428571428584,not increasing
1312543,Orange County ,6059,CA,6,2021-03-08,247743,90.0,148.42857142857142,-58.428571428571416,not increasing
1315736,Orange County ,6059,CA,6,2021-03-09,247933,190.0,147.0,43.0,increasing
1318929,Orange County ,6059,CA,6,2021-03-10,248104,171.0,143.85714285714286,27.14285714285714,increasing
1322122,Orange County ,6059,CA,6,2021-03-11,248247,143.0,143.42857142857142,-0.4285714285714164,not increasing
1325315,Orange County ,6059,CA,6,2021-03-12,248392,145.0,143.57142857142858,1.4285714285714164,increasing
1328508,Orange County ,6059,CA,6,2021-03-13,248530,138.0,141.57142857142858,-3.5714285714285836,not increasing
1331701,Orange County ,6059,CA,6,2021-03-14,248621,91.0,138.28571428571428,-47.28571428571428,not increasing
1334894,Orange County ,6059,CA,6,2021-03-15,248701,80.0,136.85714285714286,-56.85714285714286,not increasing
1338087,Orange County ,6059,CA,6,2021-03-16,248836,135.0,129.0,6.0,increasing
1341280,Orange County ,6059,CA,6,2021-03-17,248948,112.0,120.57142857142857,-8.57142857142857,not increasing
1344473,Orange County ,6059,CA,6,2021-03-18,249074,126.0,118.14285714285714,7.857142857142861,increasing
1347666,Orange County ,6059,CA,6,2021-03-19,249192,118.0,114.28571428571429,3.714285714285708,increasing
1350859,Orange County ,6059,CA,6,2021-03-20,249295,103.0,109.28571428571429,-6.285714285714292,not increasing
1354052,Orange County ,6059,CA,6,2021-03-21,249394,99.0,110.42857142857143,-11.42857142857143,not increasing
1357245,Orange County ,6059,CA,6,2021-03-22,249476,82.0,110.71428571428571,-28.714285714285708,not increasing
1360438,Orange County ,6059,CA,6,2021-03-23,249608,132.0,110.28571428571429,21.714285714285708,increasing
1363631,Orange County ,6059,CA,6,2021-03-24,249758,150.0,115.71428571428571,34.28571428571429,increasing
1366824,Orange County ,6059,CA,6,2021-03-25,249884,126.0,115.71428571428571,10.285714285714292,increasing
1370017,Orange County ,6059,CA,6,2021-03-26,250001,117.0,115.57142857142857,1.4285714285714306,increasing
1373210,Orange County ,6059,CA,6,2021-03-27,250112,111.0,116.71428571428571,-5.714285714285708,not increasing
1376403,Orange County ,6059,CA,6,2021-03-28,250175,63.0,111.57142857142857,-48.57142857142857,not increasing
1379596,Orange County ,6059,CA,6,2021-03-29,250268,93.0,113.14285714285714,-20.14285714285714,not increasing
1382789,Orange County ,6059,CA,6,2021-03-30,250420,152.0,116.0,36.0,increasing
1385982,Orange County ,6059,CA,6,2021-03-31,250533,113.0,110.71428571428571,2.285714285714292,increasing
1389175,Orange County ,6059,CA,6,2021-04-01,250661,128.0,111.0,17.0,increasing
1392368,Orange County ,6059,CA,6,2021-04-02,250771,110.0,110.0,0.0,not increasing
1395561,Orange County ,6059,CA,6,2021-04-03,250892,121.0,111.42857142857143,9.57142857142857,increasing
1398754,Orange County ,6059,CA,6,2021-04-04,250988,96.0,116.14285714285714,-20.14285714285714,not increasing
1401947,Orange County ,6059,CA,6,2021-04-05,251067,79.0,114.14285714285714,-35.14285714285714,not increasing
1405140,Orange County ,6059,CA,6,2021-04-06,251203,136.0,111.85714285714286,24.14285714285714,increasing
1408333,Orange County ,6059,CA,6,2021-04-07,251316,113.0,111.85714285714286,1.1428571428571388,increasing
1411526,Orange County ,6059,CA,6,2021-04-08,251424,108.0,109.0,-1.0,not increasing
1414719,Orange County ,6059,CA,6,2021-04-09,251546,122.0,110.71428571428571,11.285714285714292,increasing
1417912,Orange County ,6059,CA,6,2021-04-10,251653,107.0,108.71428571428571,-1.7142857142857082,not increasing
1421105,Orange County ,6059,CA,6,2021-04-11,251726,73.0,105.42857142857143,-32.42857142857143,not increasing
1424298,Orange County ,6059,CA,6,2021-04-12,251819,93.0,107.42857142857143,-14.42857142857143,not increasing
1427491,Orange County ,6059,CA,6,2021-04-13,251944,125.0,105.85714285714286,19.14285714285714,increasing
1430684,Orange County ,6059,CA,6,2021-04-14,252030,86.0,102.0,-16.0,not increasing
1433877,Orange County ,6059,CA,6,2021-04-15,252126,96.0,100.28571428571429,-4.285714285714292,not increasing
1437070,Orange County ,6059,CA,6,2021-04-16,252232,106.0,98.0,8.0,increasing
1440263,Orange County ,6059,CA,6,2021-04-17,252327,95.0,96.28571428571429,-1.2857142857142918,not increasing
1443456,Orange County ,6059,CA,6,2021-04-18,252390,63.0,94.85714285714286,-31.85714285714286,not increasing
1446649,Orange County ,6059,CA,6,2021-04-19,252459,69.0,91.42857142857143,-22.42857142857143,not increasing
1449842,Orange County ,6059,CA,6,2021-04-20,252572,113.0,89.71428571428571,23.285714285714292,increasing
1453035,Orange County ,6059,CA,6,2021-04-21,252688,116.0,94.0,22.0,increasing
1456228,Orange County ,6059,CA,6,2021-04-22,252778,90.0,93.14285714285714,-3.142857142857139,not increasing
1459421,Orange County ,6059,CA,6,2021-04-23,252853,75.0,88.71428571428571,-13.714285714285708,not increasing
1462614,Orange County ,6059,CA,6,2021-04-24,252924,71.0,85.28571428571429,-14.285714285714292,not increasing
1465807,Orange County ,6059,CA,6,2021-04-25,252967,43.0,82.42857142857143,-39.42857142857143,not increasing
1469000,Orange County ,6059,CA,6,2021-04-26,253011,44.0,78.85714285714286,-34.85714285714286,not increasing
1472193,Orange County ,6059,CA,6,2021-04-27,253089,78.0,73.85714285714286,4.142857142857139,increasing
1475386,Orange County ,6059,CA,6,2021-04-28,253173,84.0,69.28571428571429,14.714285714285708,increasing
1478579,Orange County ,6059,CA,6,2021-04-29,253240,67.0,66.0,1.0,increasing
1481772,Orange County ,6059,CA,6,2021-04-30,253317,77.0,66.28571428571429,10.714285714285708,increasing
1484965,Orange County ,6059,CA,6,2021-05-01,253383,66.0,65.57142857142857,0.4285714285714306,increasing
1488158,Orange County ,6059,CA,6,2021-05-02,253438,55.0,67.28571428571429,-12.285714285714292,not increasing
1491351,Orange County ,6059,CA,6,2021-05-03,253477,39.0,66.57142857142857,-27.57142857142857,not increasing
1494544,Orange County ,6059,CA,6,2021-05-04,253548,71.0,65.57142857142857,5.428571428571431,increasing
1497737,Orange County ,6059,CA,6,2021-05-05,253606,58.0,61.857142857142854,-3.857142857142854,not increasing
1500930,Orange County ,6059,CA,6,2021-05-06,253672,66.0,61.714285714285715,4.285714285714285,increasing
1504123,Orange County ,6059,CA,6,2021-05-07,253726,54.0,58.42857142857143,-4.428571428571431,not increasing
1507316,Orange County ,6059,CA,6,2021-05-08,253790,64.0,58.142857142857146,5.857142857142854,increasing
1510509,Orange County ,6059,CA,6,2021-05-09,253827,37.0,55.57142857142857,-18.57142857142857,not increasing
1513702,Orange County ,6059,CA,6,2021-05-10,253863,36.0,55.142857142857146,-19.142857142857146,not increasing
1516895,Orange County ,6059,CA,6,2021-05-11,253915,52.0,52.42857142857143,-0.4285714285714306,not increasing
1520088,Orange County ,6059,CA,6,2021-05-12,253965,50.0,51.285714285714285,-1.2857142857142847,not increasing
1523281,Orange County ,6059,CA,6,2021-05-13,254025,60.0,50.42857142857143,9.57142857142857,increasing
1526474,Orange County ,6059,CA,6,2021-05-14,254075,50.0,49.857142857142854,0.1428571428571459,increasing
1529667,Orange County ,6059,CA,6,2021-05-15,254116,41.0,46.57142857142857,-5.571428571428569,not increasing
1532860,Orange County ,6059,CA,6,2021-05-16,254149,33.0,46.0,-13.0,not increasing
1536053,Orange County ,6059,CA,6,2021-05-17,254176,27.0,44.714285714285715,-17.714285714285715,not increasing
1539246,Orange County ,6059,CA,6,2021-05-18,254208,32.0,41.857142857142854,-9.857142857142854,not increasing
1542439,Orange County ,6059,CA,6,2021-05-19,254253,45.0,41.142857142857146,3.857142857142854,increasing
1545632,Orange County ,6059,CA,6,2021-05-20,254294,41.0,38.42857142857143,2.5714285714285694,increasing
1548825,Orange County ,6059,CA,6,2021-05-21,254329,35.0,36.285714285714285,-1.2857142857142847,not increasing
1552018,Orange County ,6059,CA,6,2021-05-22,254370,41.0,36.285714285714285,4.714285714285715,increasing
1555211,Orange County ,6059,CA,6,2021-05-23,254389,19.0,34.285714285714285,-15.285714285714285,not increasing
1558404,Orange County ,6059,CA,6,2021-05-24,254410,21.0,33.42857142857143,-12.42857142857143,not increasing
1561597,Orange County ,6059,CA,6,2021-05-25,254448,38.0,34.285714285714285,3.7142857142857153,increasing
1564790,Orange County ,6059,CA,6,2021-05-26,254482,34.0,32.714285714285715,1.2857142857142847,increasing
1567983,Orange County ,6059,CA,6,2021-05-27,254511,29.0,31.0,-2.0,not increasing
1571176,Orange County ,6059,CA,6,2021-05-28,254546,35.0,31.0,4.0,increasing
1574369,Orange County ,6059,CA,6,2021-05-29,254582,36.0,30.285714285714285,5.714285714285715,increasing
1577562,Orange County ,6059,CA,6,2021-05-30,254600,18.0,30.142857142857142,-12.142857142857142,not increasing
1580755,Orange County ,6059,CA,6,2021-05-31,254622,22.0,30.285714285714285,-8.285714285714285,not increasing
1583948,Orange County ,6059,CA,6,2021-06-01,254646,24.0,28.285714285714285,-4.285714285714285,not increasing
1587141,Orange County ,6059,CA,6,2021-06-02,254673,27.0,27.285714285714285,-0.2857142857142847,not increasing
1590334,Orange County ,6059,CA,6,2021-06-03,254707,34.0,28.0,6.0,increasing
1593527,Orange County ,6059,CA,6,2021-06-04,254752,45.0,29.428571428571427,15.571428571428573,increasing
1596720,Orange County ,6059,CA,6,2021-06-05,254780,28.0,28.285714285714285,-0.2857142857142847,not increasing
1599913,Orange County ,6059,CA,6,2021-06-06,254816,36.0,30.857142857142858,5.142857142857142,increasing
1603106,Orange County ,6059,CA,6,2021-06-07,254840,24.0,31.142857142857142,-7.142857142857142,not increasing
1606299,Orange County ,6059,CA,6,2021-06-08,254873,33.0,32.42857142857143,0.5714285714285694,increasing
1609492,Orange County ,6059,CA,6,2021-06-09,254913,40.0,34.285714285714285,5.714285714285715,increasing
1612685,Orange County ,6059,CA,6,2021-06-10,254954,41.0,35.285714285714285,5.714285714285715,increasing
1615878,Orange County ,6059,CA,6,2021-06-11,254998,44.0,35.142857142857146,8.857142857142854,increasing
1619071,Orange County ,6059,CA,6,2021-06-12,255025,27.0,35.0,-8.0,not increasing
1622264,Orange County ,6059,CA,6,2021-06-13,255050,25.0,33.42857142857143,-8.42857142857143,not increasing
1625457,Orange County ,6059,CA,6,2021-06-14,255078,28.0,34.0,-6.0,not increasing
1628650,Orange County ,6059,CA,6,2021-06-15,255131,53.0,36.857142857142854,16.142857142857146,increasing
1631843,Orange County ,6059,CA,6,2021-06-16,255167,36.0,36.285714285714285,-0.2857142857142847,not increasing
1635036,Orange County ,6059,CA,6,2021-06-17,255204,37.0,35.714285714285715,1.2857142857142847,increasing
1638229,Orange County ,6059,CA,6,2021-06-18,255252,48.0,36.285714285714285,11.714285714285715,increasing
1641422,Orange County ,6059,CA,6,2021-06-19,255294,42.0,38.42857142857143,3.5714285714285694,increasing
1644615,Orange County ,6059,CA,6,2021-06-20,255330,36.0,40.0,-4.0,not increasing
1647808,Orange County ,6059,CA,6,2021-06-21,255374,44.0,42.285714285714285,1.7142857142857153,increasing
1651001,Orange County ,6059,CA,6,2021-06-22,255436,62.0,43.57142857142857,18.42857142857143,increasing
1654194,Orange County ,6059,CA,6,2021-06-23,255503,67.0,48.0,19.0,increasing
1657387,Orange County ,6059,CA,6,2021-06-24,255568,65.0,52.0,13.0,increasing
1660580,Orange County ,6059,CA,6,2021-06-25,255632,64.0,54.285714285714285,9.714285714285715,increasing
1663773,Orange County ,6059,CA,6,2021-06-26,255695,63.0,57.285714285714285,5.714285714285715,increasing
1666966,Orange County ,6059,CA,6,2021-06-27,255762,67.0,61.714285714285715,5.285714285714285,increasing
1670159,Orange County ,6059,CA,6,2021-06-28,255835,73.0,65.85714285714286,7.142857142857139,increasing
1673352,Orange County ,6059,CA,6,2021-06-29,255949,114.0,73.28571428571429,40.71428571428571,increasing
1676545,Orange County ,6059,CA,6,2021-06-30,256034,85.0,75.85714285714286,9.142857142857139,increasing
1679738,Orange County ,6059,CA,6,2021-07-01,256130,96.0,80.28571428571429,15.714285714285708,increasing
1682931,Orange County ,6059,CA,6,2021-07-02,256256,126.0,89.14285714285714,36.85714285714286,increasing
1686124,Orange County ,6059,CA,6,2021-07-03,256374,118.0,97.0,21.0,increasing
1689317,Orange County ,6059,CA,6,2021-07-04,256486,112.0,103.42857142857143,8.57142857142857,increasing
1692510,Orange County ,6059,CA,6,2021-07-05,256569,83.0,104.85714285714286,-21.85714285714286,not increasing
1695703,Orange County ,6059,CA,6,2021-07-06,256740,171.0,113.0,58.0,increasing
1698896,Orange County ,6059,CA,6,2021-07-07,256936,196.0,128.85714285714286,67.14285714285714,increasing
1702089,Orange County ,6059,CA,6,2021-07-08,257175,239.0,149.28571428571428,89.71428571428572,increasing
1705282,Orange County ,6059,CA,6,2021-07-09,257397,222.0,163.0,59.0,increasing
1708475,Orange County ,6059,CA,6,2021-07-10,257586,189.0,173.14285714285714,15.857142857142861,increasing
1711668,Orange County ,6059,CA,6,2021-07-11,257785,199.0,185.57142857142858,13.428571428571416,increasing
1714861,Orange County ,6059,CA,6,2021-07-12,257954,169.0,197.85714285714286,-28.85714285714286,not increasing
1718054,Orange County ,6059,CA,6,2021-07-13,258256,302.0,216.57142857142858,85.42857142857142,increasing
1721247,Orange County ,6059,CA,6,2021-07-14,258602,346.0,238.0,108.0,increasing
1724440,Orange County ,6059,CA,6,2021-07-15,258921,319.0,249.42857142857142,69.57142857142858,increasing
1727633,Orange County ,6059,CA,6,2021-07-16,259234,313.0,262.42857142857144,50.571428571428555,increasing
1730826,Orange County ,6059,CA,6,2021-07-17,259581,347.0,285.0,62.0,increasing
1734019,Orange County ,6059,CA,6,2021-07-18,259845,264.0,294.2857142857143,-30.285714285714278,not increasing
1737212,Orange County ,6059,CA,6,2021-07-19,260147,302.0,313.2857142857143,-11.285714285714278,not increasing
1740405,Orange County ,6059,CA,6,2021-07-20,260626,479.0,338.57142857142856,140.42857142857144,increasing
1743598,Orange County ,6059,CA,6,2021-07-21,261124,498.0,360.2857142857143,137.71428571428572,increasing
1746791,Orange County ,6059,CA,6,2021-07-22,261658,534.0,391.0,143.0,increasing
1749984,Orange County ,6059,CA,6,2021-07-23,262112,454.0,411.14285714285717,42.85714285714283,increasing
1753177,Orange County ,6059,CA,6,2021-07-24,262645,533.0,437.7142857142857,95.28571428571428,increasing
1756370,Orange County ,6059,CA,6,2021-07-25,263093,448.0,464.0,-16.0,not increasing
1759563,Orange County ,6059,CA,6,2021-07-26,263551,458.0,486.2857142857143,-28.285714285714278,not increasing
1762756,Orange County ,6059,CA,6,2021-07-27,264243,692.0,516.7142857142857,175.28571428571433,increasing
1765949,Orange County ,6059,CA,6,2021-07-28,264857,614.0,533.2857142857143,80.71428571428567,increasing
1769142,Orange County ,6059,CA,6,2021-07-29,265580,723.0,560.2857142857143,162.71428571428567,increasing
1772335,Orange County ,6059,CA,6,2021-07-30,266337,757.0,603.5714285714286,153.42857142857144,increasing
1775528,Orange County ,6059,CA,6,2021-07-31,267028,691.0,626.1428571428571,64.85714285714289,increasing
1778721,Orange County ,6059,CA,6,2021-08-01,267642,614.0,649.8571428571429,-35.85714285714289,not increasing
1781914,Orange County ,6059,CA,6,2021-08-02,268195,553.0,663.4285714285714,-110.42857142857144,not increasing
1785107,Orange County ,6059,CA,6,2021-08-03,268943,748.0,671.4285714285714,76.57142857142856,increasing
1788300,Orange County ,6059,CA,6,2021-08-04,269807,864.0,707.1428571428571,156.8571428571429,increasing
1791493,Orange County ,6059,CA,6,2021-08-05,270494,687.0,702.0,-15.0,not increasing
1794686,Orange County ,6059,CA,6,2021-08-06,271296,802.0,708.4285714285714,93.57142857142856,increasing
1797879,Orange County ,6059,CA,6,2021-08-07,271996,700.0,709.7142857142857,-9.714285714285666,not increasing
1801072,Orange County ,6059,CA,6,2021-08-08,272493,497.0,693.0,-196.0,not increasing
1804265,Orange County ,6059,CA,6,2021-08-09,272993,500.0,685.4285714285714,-185.42857142857144,not increasing
1807458,Orange County ,6059,CA,6,2021-08-10,273739,746.0,685.1428571428571,60.85714285714289,increasing
1810651,Orange County ,6059,CA,6,2021-08-11,274561,822.0,679.1428571428571,142.8571428571429,increasing
1813844,Orange County ,6059,CA,6,2021-08-12,275291,730.0,685.2857142857143,44.714285714285666,increasing
1817037,Orange County ,6059,CA,6,2021-08-13,276047,756.0,678.7142857142857,77.28571428571433,increasing
1820230,Orange County ,6059,CA,6,2021-08-14,276679,632.0,669.0,-37.0,not increasing
1823423,Orange County ,6059,CA,6,2021-08-15,277077,398.0,654.8571428571429,-256.8571428571429,not increasing
1826616,Orange County ,6059,CA,6,2021-08-16,277379,302.0,626.5714285714286,-324.57142857142856,not increasing
1829809,Orange County ,6059,CA,6,2021-08-17,277681,302.0,563.1428571428571,-261.1428571428571,not increasing
1833002,Orange County ,6059,CA,6,2021-08-18,278476,795.0,559.2857142857143,235.71428571428567,increasing
1836195,Orange County ,6059,CA,6,2021-08-19,278561,85.0,467.14285714285717,-382.14285714285717,not increasing
1839388,Orange County ,6059,CA,6,2021-08-20,278561,0.0,359.14285714285717,-359.14285714285717,not increasing
1842581,Orange County ,6059,CA,6,2021-08-21,280344,1783.0,523.5714285714286,1259.4285714285716,increasing
1845774,Orange County ,6059,CA,6,2021-08-22,280834,490.0,536.7142857142857,-46.714285714285666,not increasing
1848967,Orange County ,6059,CA,6,2021-08-23,281409,575.0,575.7142857142857,-0.7142857142856656,not increasing
1852160,Orange County ,6059,CA,6,2021-08-24,281972,563.0,613.0,-50.0,not increasing
1855353,Orange County ,6059,CA,6,2021-08-25,283142,1170.0,666.5714285714286,503.42857142857144,increasing
1858546,Orange County ,6059,CA,6,2021-08-26,283341,199.0,682.8571428571429,-483.8571428571429,not increasing
1861739,Orange County ,6059,CA,6,2021-08-27,283406,65.0,692.1428571428571,-627.1428571428571,not increasing
1864932,Orange County ,6059,CA,6,2021-08-28,284377,971.0,576.1428571428571,394.8571428571429,increasing
1868125,Orange County ,6059,CA,6,2021-08-29,284697,320.0,551.8571428571429,-231.8571428571429,not increasing
1871318,Orange County ,6059,CA,6,2021-08-30,285243,546.0,547.7142857142857,-1.7142857142856656,not increasing
1874511,Orange County ,6059,CA,6,2021-08-31,285758,515.0,540.8571428571429,-25.85714285714289,not increasing
1877704,Orange County ,6059,CA,6,2021-09-01,286261,503.0,445.57142857142856,57.428571428571445,increasing
1880897,Orange County ,6059,CA,6,2021-09-02,286325,64.0,426.2857142857143,-362.2857142857143,not increasing
1884090,Orange County ,6059,CA,6,2021-09-03,286325,0.0,417.0,-417.0,not increasing
1887283,Orange County ,6059,CA,6,2021-09-04,286325,0.0,278.2857142857143,-278.2857142857143,not increasing
1890476,Orange County ,6059,CA,6,2021-09-05,287814,1489.0,445.2857142857143,1043.7142857142858,increasing
1893669,Orange County ,6059,CA,6,2021-09-06,288188,374.0,420.7142857142857,-46.71428571428572,not increasing
1896862,Orange County ,6059,CA,6,2021-09-07,288471,283.0,387.57142857142856,-104.57142857142856,not increasing
1900055,Orange County ,6059,CA,6,2021-09-08,289057,586.0,399.42857142857144,186.57142857142856,increasing
1903248,Orange County ,6059,CA,6,2021-09-09,289108,51.0,397.57142857142856,-346.57142857142856,not increasing
1906441,Orange County ,6059,CA,6,2021-09-10,289108,0.0,397.57142857142856,-397.57142857142856,not increasing
1909634,Orange County ,6059,CA,6,2021-09-11,290687,1579.0,623.1428571428571,955.8571428571429,increasing
1912827,Orange County ,6059,CA,6,2021-09-12,291092,405.0,468.2857142857143,-63.28571428571428,not increasing
1916020,Orange County ,6059,CA,6,2021-09-13,291363,271.0,453.57142857142856,-182.57142857142856,not increasing
1919213,Orange County ,6059,CA,6,2021-09-14,291779,416.0,472.57142857142856,-56.571428571428555,not increasing
1922406,Orange County ,6059,CA,6,2021-09-15,291833,54.0,396.57142857142856,-342.57142857142856,not increasing
1925599,Orange County ,6059,CA,6,2021-09-16,291833,0.0,389.2857142857143,-389.2857142857143,not increasing
1928792,Orange County ,6059,CA,6,2021-09-17,291833,0.0,389.2857142857143,-389.2857142857143,not increasing
1931985,Orange County ,6059,CA,6,2021-09-18,293219,1386.0,361.7142857142857,1024.2857142857142,increasing
1935178,Orange County ,6059,CA,6,2021-09-19,293616,397.0,360.57142857142856,36.428571428571445,increasing
1938371,Orange County ,6059,CA,6,2021-09-20,293641,25.0,325.42857142857144,-300.42857142857144,not increasing
1941564,Orange County ,6059,CA,6,2021-09-21,294182,541.0,343.2857142857143,197.71428571428572,increasing
1944757,Orange County ,6059,CA,6,2021-09-22,294483,301.0,378.57142857142856,-77.57142857142856,not increasing
1947950,Orange County ,6059,CA,6,2021-09-23,294513,30.0,382.85714285714283,-352.85714285714283,not increasing
1951143,Orange County ,6059,CA,6,2021-09-24,294513,0.0,382.85714285714283,-382.85714285714283,not increasing
1954336,Orange County ,6059,CA,6,2021-09-25,296054,1541.0,405.0,1136.0,increasing
1957529,Orange County ,6059,CA,6,2021-09-26,296084,30.0,352.57142857142856,-322.57142857142856,not increasing
1960722,Orange County ,6059,CA,6,2021-09-27,296567,483.0,418.0,65.0,increasing
1963915,Orange County ,6059,CA,6,2021-09-28,296894,327.0,387.42857142857144,-60.428571428571445,not increasing
1967108,Orange County ,6059,CA,6,2021-09-29,297274,380.0,398.7142857142857,-18.714285714285722,not increasing
1970301,Orange County ,6059,CA,6,2021-09-30,297306,32.0,399.0,-367.0,not increasing
1973494,Orange County ,6059,CA,6,2021-10-01,297306,0.0,399.0,-399.0,not increasing
1976687,Orange County ,6059,CA,6,2021-10-02,298016,710.0,280.2857142857143,429.7142857142857,increasing
1979880,Orange County ,6059,CA,6,2021-10-03,298159,143.0,296.42857142857144,-153.42857142857144,not increasing
1983073,Orange County ,6059,CA,6,2021-10-04,298543,384.0,282.2857142857143,101.71428571428572,increasing
1986266,Orange County ,6059,CA,6,2021-10-05,298588,45.0,242.0,-197.0,not increasing
1989459,Orange County ,6059,CA,6,2021-10-06,299032,444.0,251.14285714285714,192.85714285714286,increasing
1992652,Orange County ,6059,CA,6,2021-10-07,299088,56.0,254.57142857142858,-198.57142857142858,not increasing
1995845,Orange County ,6059,CA,6,2021-10-08,299088,0.0,254.57142857142858,-254.57142857142858,not increasing
1999038,Orange County ,6059,CA,6,2021-10-09,299762,674.0,249.42857142857142,424.57142857142856,increasing
2002231,Orange County ,6059,CA,6,2021-10-10,299786,24.0,232.42857142857142,-208.42857142857142,not increasing
2005424,Orange County ,6059,CA,6,2021-10-11,300214,428.0,238.71428571428572,189.28571428571428,increasing
2008617,Orange County ,6059,CA,6,2021-10-12,300255,41.0,238.14285714285714,-197.14285714285714,not increasing
2011810,Orange County ,6059,CA,6,2021-10-13,300887,632.0,265.0,367.0,increasing
2015003,Orange County ,6059,CA,6,2021-10-14,301121,234.0,290.42857142857144,-56.428571428571445,not increasing
2018196,Orange County ,6059,CA,6,2021-10-15,301298,177.0,315.7142857142857,-138.71428571428572,not increasing
2021389,Orange County ,6059,CA,6,2021-10-16,301481,183.0,245.57142857142858,-62.571428571428584,not increasing
2024582,Orange County ,6059,CA,6,2021-10-17,301600,119.0,259.14285714285717,-140.14285714285717,not increasing
2027775,Orange County ,6059,CA,6,2021-10-18,301791,191.0,225.28571428571428,-34.28571428571428,not increasing
2030968,Orange County ,6059,CA,6,2021-10-19,301905,114.0,235.71428571428572,-121.71428571428572,not increasing
2034161,Orange County ,6059,CA,6,2021-10-20,301955,50.0,152.57142857142858,-102.57142857142858,not increasing
2037354,Orange County ,6059,CA,6,2021-10-21,301955,0.0,119.14285714285714,-119.14285714285714,not increasing
2040547,Orange County ,6059,CA,6,2021-10-22,302236,281.0,134.0,147.0,increasing
2043740,Orange County ,6059,CA,6,2021-10-23,303187,951.0,243.71428571428572,707.2857142857142,increasing
2046933,Orange County ,6059,CA,6,2021-10-24,303460,273.0,265.7142857142857,7.285714285714278,increasing
2050126,Orange County ,6059,CA,6,2021-10-25,303642,182.0,264.42857142857144,-82.42857142857144,not increasing
2053319,Orange County ,6059,CA,6,2021-10-26,303927,285.0,288.85714285714283,-3.857142857142833,not increasing
2056512,Orange County ,6059,CA,6,2021-10-27,304078,151.0,303.2857142857143,-152.28571428571428,not increasing
2059705,Orange County ,6059,CA,6,2021-10-28,304119,41.0,309.14285714285717,-268.14285714285717,not increasing
2062898,Orange County ,6059,CA,6,2021-10-29,304879,760.0,377.57142857142856,382.42857142857144,increasing
2066091,Orange County ,6059,CA,6,2021-10-30,305095,216.0,272.57142857142856,-56.571428571428555,not increasing
2069284,Orange County ,6059,CA,6,2021-10-31,305178,83.0,245.42857142857142,-162.42857142857142,not increasing
2072477,Orange County ,6059,CA,6,2021-11-01,305492,314.0,264.2857142857143,49.71428571428572,increasing
2075670,Orange County ,6059,CA,6,2021-11-02,305613,121.0,240.85714285714286,-119.85714285714286,not increasing
2078863,Orange County ,6059,CA,6,2021-11-03,305660,47.0,226.0,-179.0,not increasing
2082056,Orange County ,6059,CA,6,2021-11-04,306048,388.0,275.57142857142856,112.42857142857144,increasing
2085249,Orange County ,6059,CA,6,2021-11-05,306778,730.0,271.2857142857143,458.7142857142857,increasing
2088442,Orange County ,6059,CA,6,2021-11-06,307055,277.0,280.0,-3.0,not increasing
2091635,Orange County ,6059,CA,6,2021-11-07,307330,275.0,307.42857142857144,-32.428571428571445,not increasing
2094828,Orange County ,6059,CA,6,2021-11-08,307484,154.0,284.57142857142856,-130.57142857142856,not increasing
2098021,Orange County ,6059,CA,6,2021-11-09,307410,-74.0,256.7142857142857,-330.7142857142857,not increasing
2101214,Orange County ,6059,CA,6,2021-11-10,307672,262.0,287.42857142857144,-25.428571428571445,not increasing
2104407,Orange County ,6059,CA,6,2021-11-11,307672,0.0,232.0,-232.0,not increasing
2107600,Orange County ,6059,CA,6,2021-11-12,308538,866.0,251.42857142857142,614.5714285714286,increasing
2110793,Orange County ,6059,CA,6,2021-11-13,308745,207.0,241.42857142857142,-34.428571428571416,not increasing
2113986,Orange County ,6059,CA,6,2021-11-14,309057,312.0,246.71428571428572,65.28571428571428,increasing
2117179,Orange County ,6059,CA,6,2021-11-15,309244,187.0,251.42857142857142,-64.42857142857142,not increasing
2120372,Orange County ,6059,CA,6,2021-11-16,309359,115.0,278.42857142857144,-163.42857142857144,not increasing
2123565,Orange County ,6059,CA,6,2021-11-17,309394,35.0,246.0,-211.0,not increasing
2126758,Orange County ,6059,CA,6,2021-11-18,310146,752.0,353.42857142857144,398.57142857142856,increasing
2129951,Orange County ,6059,CA,6,2021-11-19,310341,195.0,257.57142857142856,-62.571428571428555,not increasing
2133144,Orange County ,6059,CA,6,2021-11-20,310550,209.0,257.85714285714283,-48.85714285714283,not increasing
2136337,Orange County ,6059,CA,6,2021-11-21,310607,57.0,221.42857142857142,-164.42857142857142,not increasing
2139530,Orange County ,6059,CA,6,2021-11-22,310652,45.0,201.14285714285714,-156.14285714285714,not increasing
2142723,Orange County ,6059,CA,6,2021-11-23,310652,0.0,184.71428571428572,-184.71428571428572,not increasing
2145916,Orange County ,6059,CA,6,2021-11-24,310807,155.0,201.85714285714286,-46.85714285714286,not increasing
2149109,Orange County ,6059,CA,6,2021-11-25,310807,0.0,94.42857142857143,-94.42857142857143,not increasing
2152302,Orange County ,6059,CA,6,2021-11-26,311894,1087.0,221.85714285714286,865.1428571428571,increasing
2155495,Orange County ,6059,CA,6,2021-11-27,311996,102.0,206.57142857142858,-104.57142857142858,not increasing
2158688,Orange County ,6059,CA,6,2021-11-28,312338,342.0,247.28571428571428,94.71428571428572,increasing
2161881,Orange County ,6059,CA,6,2021-11-29,312550,212.0,271.14285714285717,-59.14285714285717,not increasing
2165074,Orange County ,6059,CA,6,2021-11-30,312886,336.0,319.14285714285717,16.857142857142833,increasing
2168267,Orange County ,6059,CA,6,2021-12-01,312449,-437.0,234.57142857142858,-671.5714285714286,not increasing
2171460,Orange County ,6059,CA,6,2021-12-02,313110,661.0,329.0,332.0,increasing
2174653,Orange County ,6059,CA,6,2021-12-03,314402,1292.0,358.2857142857143,933.7142857142858,increasing
2177846,Orange County ,6059,CA,6,2021-12-04,314531,129.0,362.14285714285717,-233.14285714285717,not increasing
2181039,Orange County ,6059,CA,6,2021-12-05,315059,528.0,388.7142857142857,139.28571428571428,increasing
2184232,Orange County ,6059,CA,6,2021-12-06,315214,155.0,380.57142857142856,-225.57142857142856,not increasing
2187425,Orange County ,6059,CA,6,2021-12-07,315136,-78.0,321.42857142857144,-399.42857142857144,not increasing
2190618,Orange County ,6059,CA,6,2021-12-08,315419,283.0,424.2857142857143,-141.28571428571428,not increasing
2193811,Orange County ,6059,CA,6,2021-12-09,316426,1007.0,473.7142857142857,533.2857142857142,increasing
2197004,Orange County ,6059,CA,6,2021-12-10,316730,304.0,332.57142857142856,-28.571428571428555,not increasing
2200197,Orange County ,6059,CA,6,2021-12-11,316873,143.0,334.57142857142856,-191.57142857142856,not increasing
2203390,Orange County ,6059,CA,6,2021-12-12,316916,43.0,265.2857142857143,-222.28571428571428,not increasing
2206583,Orange County ,6059,CA,6,2021-12-13,317568,652.0,336.2857142857143,315.7142857142857,increasing
2209776,Orange County ,6059,CA,6,2021-12-14,317930,362.0,399.14285714285717,-37.14285714285717,not increasing
2212969,Orange County ,6059,CA,6,2021-12-15,317806,-124.0,341.0,-465.0,not increasing
2216162,Orange County ,6059,CA,6,2021-12-16,318924,1118.0,356.85714285714283,761.1428571428571,increasing
2219355,Orange County ,6059,CA,6,2021-12-17,319336,412.0,372.2857142857143,39.71428571428572,increasing
2222548,Orange County ,6059,CA,6,2021-12-18,319988,652.0,445.0,207.0,increasing
2225741,Orange County ,6059,CA,6,2021-12-19,320578,590.0,523.1428571428571,66.85714285714289,increasing
2228934,Orange County ,6059,CA,6,2021-12-20,321047,469.0,497.0,-28.0,not increasing
2232127,Orange County ,6059,CA,6,2021-12-21,322025,978.0,585.0,393.0,increasing
2235320,Orange County ,6059,CA,6,2021-12-22,322679,654.0,696.1428571428571,-42.14285714285711,not increasing
2238513,Orange County ,6059,CA,6,2021-12-23,325945,3266.0,1003.0,2263.0,increasing
2241706,Orange County ,6059,CA,6,2021-12-24,328333,2388.0,1285.2857142857142,1102.7142857142858,increasing
2244899,Orange County ,6059,CA,6,2021-12-25,329392,1059.0,1343.4285714285713,-284.42857142857133,not increasing
2248092,Orange County ,6059,CA,6,2021-12-26,330403,1011.0,1403.5714285714287,-392.57142857142867,not increasing
2251285,Orange County ,6059,CA,6,2021-12-27,332083,1680.0,1576.5714285714287,103.42857142857133,increasing
2254478,Orange County ,6059,CA,6,2021-12-28,333888,1805.0,1694.7142857142858,110.28571428571422,increasing
2257671,Orange County ,6059,CA,6,2021-12-29,338836,4948.0,2308.1428571428573,2639.8571428571427,increasing
2260864,Orange County ,6059,CA,6,2021-12-30,339524,688.0,1939.857142857143,-1251.857142857143,not increasing
2264057,Orange County ,6059,CA,6,2021-12-31,354967,15443.0,3804.8571428571427,11638.142857142857,increasing
2267250,Orange County ,6059,CA,6,2022-01-01,356950,1983.0,3936.8571428571427,-1953.8571428571427,not increasing
2270443,Orange County ,6059,CA,6,2022-01-02,360008,3058.0,4229.285714285715,-1171.2857142857147,not increasing
2273636,Orange County ,6059,CA,6,2022-01-03,361863,1855.0,4254.285714285715,-2399.2857142857147,not increasing
2276829,Orange County ,6059,CA,6,2022-01-04,365273,3410.0,4483.571428571428,-1073.5714285714284,not increasing
2280022,Orange County ,6059,CA,6,2022-01-05,366137,864.0,3900.1428571428573,-3036.1428571428573,not increasing
2283215,Orange County ,6059,CA,6,2022-01-06,393269,27132.0,7677.857142857143,19454.142857142855,increasing
2286408,Orange County ,6059,CA,6,2022-01-07,397614,4345.0,6092.428571428572,-1747.4285714285716,not increasing
2289601,Orange County ,6059,CA,6,2022-01-08,413878,16264.0,8132.571428571428,8131.428571428572,increasing
2292794,Orange County ,6059,CA,6,2022-01-09,416052,2174.0,8006.285714285715,-5832.285714285715,not increasing
2295987,Orange County ,6059,CA,6,2022-01-10,422178,6126.0,8616.42857142857,-2490.4285714285706,not increasing
2299180,Orange County ,6059,CA,6,2022-01-11,429998,7820.0,9246.42857142857,-1426.4285714285706,not increasing
2302373,Orange County ,6059,CA,6,2022-01-12,432660,2662.0,9503.285714285714,-6841.285714285714,not increasing
2305566,Orange County ,6059,CA,6,2022-01-13,445879,13219.0,7515.714285714285,5703.285714285715,increasing
2308759,Orange County ,6059,CA,6,2022-01-14,454821,8942.0,8172.428571428572,769.5714285714284,increasing
2311952,Orange County ,6059,CA,6,2022-01-15,458416,3595.0,6362.571428571428,-2767.5714285714284,not increasing
2315145,Orange County ,6059,CA,6,2022-01-16,464822,6406.0,6967.142857142857,-561.1428571428569,not increasing
2318338,Orange County ,6059,CA,6,2022-01-17,474763,9941.0,7512.142857142857,2428.857142857143,increasing
2321531,Orange County ,6059,CA,6,2022-01-18,477942,3179.0,6849.142857142857,-3670.142857142857,not increasing
2324724,Orange County ,6059,CA,6,2022-01-19,488284,10342.0,7946.285714285715,2395.7142857142853,increasing
2327917,Orange County ,6059,CA,6,2022-01-20,493213,4929.0,6762.0,-1833.0,not increasing
2331110,Orange County ,6059,CA,6,2022-01-21,496944,3731.0,6017.571428571428,-2286.5714285714284,not increasing
2334303,Orange County ,6059,CA,6,2022-01-22,500413,3469.0,5999.571428571428,-2530.5714285714284,not increasing
2337496,Orange County ,6059,CA,6,2022-01-23,503296,2883.0,5496.285714285715,-2613.2857142857147,not increasing
2340689,Orange County ,6059,CA,6,2022-01-24,507671,4375.0,4701.142857142857,-326.1428571428569,not increasing
2343882,Orange County ,6059,CA,6,2022-01-25,509881,2210.0,4562.714285714285,-2352.7142857142853,not increasing
2347075,Orange County ,6059,CA,6,2022-01-26,510999,1118.0,3245.0,-2127.0,not increasing
2350268,Orange County ,6059,CA,6,2022-01-27,511260,261.0,2578.1428571428573,-2317.1428571428573,not increasing
